Workbook

Sheet 1. Relevance (a)
A1: Relevance (a)
A2: If this hypothesis is true, how much of an impact is it having on the population?
A3: Consider 1) the extent of the threat on the hypothesized demographic parameter(s), 2) the sensitivity of population trend to the hypothesized demographic parameters, and 3) the overall effect, given 1 and 2, on the population trend (i.e., the mean rate of growth or decline in the population across time).
A4: Answer conditional on levels of the threat over the coming 30 years when evaluating this.
A5: For threats that are potential (i.e., are not currently present), score this question as the threat risk, which is the product of the likelihood of the threat occurring and the potential magnitude of its impact.
A6: Score of 0: even if true, this hypothesis has no to very little impact on the population.
A7: Score of 1: if true, this hypothesis has a small to moderate impact on the population, with an impact that is approximately 25% compared to the total range of variability in population trend.
A8: Score of 2: if true, this hypothesis has a moderate impact on the population, with an impact that is approximately 50% compared to the total range of variability in population trend.
A9: Score of 3: if true, this hypothesis has a moderate to large impact on the population, with an impact that is approximately 75% compared to the total range of variability in population trend.
A10: Score of 4: if true, this hypothesis has a large impact on the population, with an impact as large as the total range of variability in population trend.
A11: Disturbance
A12: Hypothesis 1: Low overflights disturb breeding colonies and reduce reproductive success.
B13: ASSP Relevance (a) score: | C13: 0
B14: BRPE Relevance (a) score: | C14: 1
B15: SCMU Relevance (a) score: | C15: 0
B16: SNPL Relevance (a) score: | C16: 0
B17: WEGU Relevance (a) score: | C17: 1
B18: CAAU Relevance (a) score: | C18: 0 | D18: OPTIONAL
A19: Hypothesis 2: Recreation causes disturbance to breeding colonies and reduces reproductive success.
B20: ASSP Relevance (a) score: | C20: 3
B21: BRPE Relevance (a) score: | C21: 3
B22: SCMU Relevance (a) score: | C22: 2
B23: SNPL Relevance (a) score: | C23: 3
B24: WEGU Relevance (a) score: | C24: 2
B25: CAAU Relevance (a) score: | C25: 2 | D25: OPTIONAL
A26: Fisheries
A27: Hypothesis 3: Commercial and recreational fishery equipment entangles/entraps individuals and reduces juvenile survival and/or adult survival.
B28: ASSP Relevance (a) score: | C28: 2
B29: BRPE Relevance (a) score: | C29: 4
B30: SCMU Relevance (a) score: | C30: 3
B31: SNPL Relevance (a) score: | C31: 0
B32: WEGU Relevance (a) score: | C32: 3
B33: CAAU Relevance (a) score: | C33: 2 | D33: OPTIONAL
A34: Hypothesis 4: Overfishing from commercial and recreational fisheries reduces foraging availability and/or quality, which reduces reproductive success, juvenile survival and/or adult survival.
B35: ASSP Relevance (a) score: | C35: 2
B36: BRPE Relevance (a) score: | C36: 4
B37: SCMU Relevance (a) score: | C37: 2
B38: SNPL Relevance (a) score: | C38: 0
B39: WEGU Relevance (a) score: | C39: 1
B40: CAAU Relevance (a) score: | C40: 2 | D40: OPTIONAL
A41: Harmful native species interaction
A42: Hypothesis 5: Native predators (island deer mouse, island spotted skunk, island fox, common raven, barn owl, peregrine falcon) predate eggs, chicks, and/or breeding adults, which reduces reproductive success and/or adult survival.
B43: ASSP Relevance (a) score: | C43: 3
B44: BRPE Relevance (a) score: | C44: 2
B45: SCMU Relevance (a) score: | C45: 3
B46: SNPL Relevance (a) score: | C46: 3
B47: WEGU Relevance (a) score: | C47: 2
B48: CAAU Relevance (a) score: | C48: 2 | D48: OPTIONAL
A49: Hypothesis 6: Pinnipeds displace breeding habitat and/or reduce breeding habitat quality, which reduces reproductive success.
B50: ASSP Relevance (a) score: | C50: 0
B51: BRPE Relevance (a) score: | C51: 0
B52: SCMU Relevance (a) score: | C52: 0
B53: SNPL Relevance (a) score: | C53: 4
B54: WEGU Relevance (a) score: | C54: 0
B55: CAAU Relevance (a) score: | C55: 0 | D55: OPTIONAL
A56: Hypothesis 7: Colonization of new seabird species increases competition for breeding habitat and/or prey, which reduces reproductive success.
B57: ASSP Relevance (a) score: | C57: 1
B58: BRPE Relevance (a) score: | C58: 0
B59: SCMU Relevance (a) score: | C59: 1
B60: SNPL Relevance (a) score: | C60: 0
B61: WEGU Relevance (a) score: | C61: 0
B62: CAAU Relevance (a) score: | C62: 0 | D62: OPTIONAL
A63: Human infrastructure
A64: Hypothesis 8: Oil platforms increase predation risk by creating at-sea roosting habitat for aerial predators, which reduces juvenile survival and/or adult survival.
B65: ASSP Relevance (a) score: | C65: 2
B66: BRPE Relevance (a) score: | C66: 0
B67: SCMU Relevance (a) score: | C67: 2
B68: SNPL Relevance (a) score: | C68: 0
B69: WEGU Relevance (a) score: | C69: 2
B70: CAAU Relevance (a) score: | C70: 1 | D70: OPTIONAL
A71: Hypothesis 9: Offshore wind energy infrastructure displaces foraging habitat and/or increases collision risk, which reduces reproductive success, juvenile survival and/or adult survival.
B72: ASSP Relevance (a) score: | C72: 2
B73: BRPE Relevance (a) score: | C73: 2
B74: SCMU Relevance (a) score: | C74: 1
B75: SNPL Relevance (a) score: | C75: 0
B76: WEGU Relevance (a) score: | C76: 2
B77: CAAU Relevance (a) score: | C77: 1 | D77: OPTIONAL
A78: Hypothesis 10: Shipping traffic displaces foraging habitat and reduces reproductive success.
B79: ASSP Relevance (a) score: | C79: 1
B80: BRPE Relevance (a) score: | C80: 1
B81: SCMU Relevance (a) score: | C81: 1
B82: SNPL Relevance (a) score: | C82: 0
B83: WEGU Relevance (a) score: | C83: 1
B84: CAAU Relevance (a) score: | C84: 1 | D84: OPTIONAL
A85: Hypothesis 11: Artificial light at night exposes individuals to novel predation and/or increases collision risk with structures, which reduces juvenile survival and/or adult survival.
B86: ASSP Relevance (a) score: | C86: 3
B87: BRPE Relevance (a) score: | C87: 0
B88: SCMU Relevance (a) score: | C88: 3
B89: SNPL Relevance (a) score: | C89: 0
B90: WEGU Relevance (a) score: | C90: 1
B91: CAAU Relevance (a) score: | C91: 3 | D91: OPTIONAL
A92: Invasive species
A93: Hypothesis 12: Invasive plants decrease the breeding habitat availability and/or quality, which reduces reproductive success and/or adult survival via increased predation risk.
B94: ASSP Relevance (a) score: | C94: 0
B95: BRPE Relevance (a) score: | C95: 2
B96: SCMU Relevance (a) score: | C96: 2
B97: SNPL Relevance (a) score: | C97: 0
B98: WEGU Relevance (a) score: | C98: 2
B99: CAAU Relevance (a) score: | C99: 2 | D99: OPTIONAL
A100: Hypothesis 13: Black rats predate eggs and chicks at San Miguel Island, which reduces reproductive success.
...

Sheet 2. Relevance (b)
A1: Relevance (b)
A2: If this hypothesis is true, what is the potential of management actions, listed or otherwise, to reduce the effect of this hypothesis on the population?
A3: Consider the availability of management actions (listed or otherwise) to address the threat as well as the likelihood that management actions would/could be fully and effectively implemented.
A4: You can find a list of actions previously developed in the ‘Potential management actions’ document.
A5: If you identify an additional available management action that could be used to mediate the effect of this hypothesis, please make note of it in the appropriate section below.
A6: Score of 0: management actions will have no to very little impact on the hypothesized effect.
A7: Score of 1: management actions will reduce the hypothesized effect on the population by approximately 25%.
A8: Score of 2: management actions will reduce the hypothesized effect on the population by approximately 50%.
A9: Score of 3: management actions will reduce the hypothesized effect on the population by approximately 75%.
A10: Score of 4: management actions will mostly or completely reduce the hypothesized effect.
A11: Disturbance
A12: Hypothesis 1: Low overflights disturb breeding colonies and reduce reproductive success.
B13: ASSP Relevance (b) score: | C13: =IF('1. Relevance (a)'!C13=0, "NA", "") -> NA
B14: BRPE Relevance (b) score: | C14: 3
B15: SCMU Relevance (b) score: | C15: =IF('1. Relevance (a)'!C15=0, "NA", "") -> NA
B16: SNPL Relevance (b) score: | C16: =IF('1. Relevance (a)'!C16=0, "NA", "") -> NA
B17: WEGU Relevance (b) score: | C17: 3
B18: CAAU Relevance (b) score: | C18: =IF('1. Relevance (a)'!C18=0, "NA", "") -> NA | D18: OPTIONAL
A19: Hypothesis 2: Recreation causes disturbance to breeding colonies and reduces reproductive success.
B20: ASSP Relevance (b) score: | C20: 3
B21: BRPE Relevance (b) score: | C21: 3
B22: SCMU Relevance (b) score: | C22: 3
B23: SNPL Relevance (b) score: | C23: 3
B24: WEGU Relevance (b) score: | C24: 3
B25: CAAU Relevance (b) score: | C25: 3 | D25: OPTIONAL
A26: If there were any other management actions not listed that you identified that might be sensible if a given Disturbance hypothesis were true, please include it below:
A28: Fisheries
A29: Hypothesis 3: Commercial and recreational fishery equipment entangles/entraps individuals and reduces juvenile survival and/or adult survival.
B30: ASSP Relevance (b) score: | C30: 1
B31: BRPE Relevance (b) score: | C31: 1
B32: SCMU Relevance (b) score: | C32: 1
B33: SNPL Relevance (b) score: | C33: =IF('1. Relevance (a)'!C31=0, "NA", "") -> NA
B34: WEGU Relevance (b) score: | C34: 1
B35: CAAU Relevance (b) score: | C35: 1 | D35: OPTIONAL
A36: Hypothesis 4: Overfishing from commercial and recreational fisheries reduces foraging availability and/or quality, which reduces reproductive success, juvenile survival and/or adult survival.
B37: ASSP Relevance (b) score: | C37: 3
B38: BRPE Relevance (b) score: | C38: 3
B39: SCMU Relevance (b) score: | C39: 3
B40: SNPL Relevance (b) score: | C40: =IF('1. Relevance (a)'!C38=0, "NA", "") -> NA
B41: WEGU Relevance (b) score: | C41: 3
B42: CAAU Relevance (b) score: | C42: 3 | D42: OPTIONAL
A43: If there were any other management actions not listed that you identified that might be sensible if a given Fisheries hypothesis were true, please include it below:
A45: Harmful native species interaction
A46: Hypothesis 5: Native predators (island deer mouse, island spotted skunk, island fox, common raven, barn owl, peregrine falcon) predate eggs, chicks, and/or breeding adults, which reduces reproductive success and/or adult survival.
B47: ASSP Relevance (b) score: | C47: 2
B48: BRPE Relevance (b) score: | C48: 2
B49: SCMU Relevance (b) score: | C49: 2
B50: SNPL Relevance (b) score: | C50: 2
B51: WEGU Relevance (b) score: | C51: 2
B52: CAAU Relevance (b) score: | C52: 2 | D52: OPTIONAL
A53: Hypothesis 6: Pinnipeds displace breeding habitat and/or reduce breeding habitat quality, which reduces reproductive success.
B54: ASSP Relevance (b) score: | C54: =IF('1. Relevance (a)'!C50=0, "NA", "") -> NA
B55: BRPE Relevance (b) score: | C55: =IF('1. Relevance (a)'!C51=0, "NA", "") -> NA
B56: SCMU Relevance (b) score: | C56: =IF('1. Relevance (a)'!C52=0, "NA", "") -> NA
B57: SNPL Relevance (b) score: | C57: 1
B58: WEGU Relevance (b) score: | C58: =IF('1. Relevance (a)'!C54=0, "NA", "") -> NA
B59: CAAU Relevance (b) score: | C59: =IF('1. Relevance (a)'!C55=0, "NA", "") -> NA | D59: OPTIONAL
A60: Hypothesis 7: Colonization of new seabird species increases competition for breeding habitat and/or prey, which reduces reproductive success.
B61: ASSP Relevance (b) score: | C61: 1
B62: BRPE Relevance (b) score: | C62: =IF('1. Relevance (a)'!C58=0, "NA", "") -> NA
B63: SCMU Relevance (b) score: | C63: 1
B64: SNPL Relevance (b) score: | C64: =IF('1. Relevance (a)'!C60=0, "NA", "") -> NA
B65: WEGU Relevance (b) score: | C65: =IF('1. Relevance (a)'!C61=0, "NA", "") -> NA
B66: CAAU Relevance (b) score: | C66: =IF('1. Relevance (a)'!C62=0, "NA", "") -> NA | D66: OPTIONAL
A67: If there were any other management actions not listed that you identified that might be sensible if a given Harmful native species interaction hypothesis were true, please include it below:
A69: Human infrastructure
A70: Hypothesis 8: Oil platforms increase predation risk by creating at-sea roosting habitat for aerial predators, which reduces juvenile survival and/or adult survival.
B71: ASSP Relevance (b) score: | C71: 0
B72: BRPE Relevance (b) score: | C72: =IF('1. Relevance (a)'!C66=0, "NA", "") -> NA
B73: SCMU Relevance (b) score: | C73: 0
B74: SNPL Relevance (b) score: | C74: =IF('1. Relevance (a)'!C68=0, "NA", "") -> NA
B75: WEGU Relevance (b) score: | C75: 0
B76: CAAU Relevance (b) score: | C76: 0 | D76: OPTIONAL
A77: Hypothesis 9: Offshore wind energy infrastructure displaces foraging habitat and/or increases collision risk, which reduces reproductive success, juvenile survival and/or adult survival.
B78: ASSP Relevance (b) score: | C78: 2
B79: BRPE Relevance (b) score: | C79: 2
B80: SCMU Relevance (b) score: | C80: 2
B81: SNPL Relevance (b) score: | C81: =IF('1. Relevance (a)'!C75=0, "NA", "") -> NA
B82: WEGU Relevance (b) score: | C82: 2
B83: CAAU Relevance (b) score: | C83: 2 | D83: OPTIONAL
A84: Hypothesis 10: Shipping traffic displaces foraging habitat and reduces reproductive success.
B85: ASSP Relevance (b) score: | C85: 2
B86: BRPE Relevance (b) score: | C86: 2
B87: SCMU Relevance (b) score: | C87: 2
B88: SNPL Relevance (b) score: | C88: =IF('1. Relevance (a)'!C82=0, "NA", "") -> NA
B89: WEGU Relevance (b) score: | C89: 2
B90: CAAU Relevance (b) score: | C90: 2 | D90: OPTIONAL
A91: Hypothesis 11: Artificial light at night exposes individuals to novel predation and/or increases collision risk with structures, which reduces juvenile survival and/or adult survival.
B92: ASSP Relevance (b) score: | C92: 3
B93: BRPE Relevance (b) score: | C93: =IF('1. Relevance (a)'!C87=0, "NA", "") -> NA
B94: SCMU Relevance (b) score: | C94: 3
B95: SNPL Relevance (b) score: | C95: =IF('1. Relevance (a)'!C89=0, "NA", "") -> NA
B96: WEGU Relevance (b) score: | C96: 3
B97: CAAU Relevance (b) score: | C97: 3 | D97: OPTIONAL
A98: If there were any other management actions not listed that you identified that might be sensible if a given Human infrastructure hypothesis were true, please include it below:
A100: Invasive species
A101: Hypothesis 12: Invasive plants decrease the breeding habitat availability and/or quality, which reduces reproductive success and/or adult survival via increased predation risk.
B102: ASSP Relevance (b) score: | C102: =IF('1. Relevance (a)'!C94=0, "NA", "") -> NA
B103: BRPE Relevance (b) score: | C103: 2
B104: SCMU Relevance (b) score: | C104: 2
...

Sheet 3. Magnitude of uncertainty
A1: Magnitude of uncertainty
A2: How uncertain are you about the validity of this hypothesis?
A3: Consider the degree to which you think this hypothesis is currently operating on the population as well as your uncertainty regarding the impact of this threat on the population.
A4: Score of 0: There is little to no uncertainty regarding whether this hypothesis is true or false, based on current knowledge, theory, personal experience, or other rationale.
A5: Score of 1: There is low to moderate uncertainty regarding whether this hypothesis is true or false.
A6: Score of 2: There is moderate uncertainty regarding whether this hypothesis is true or false.
A7: Score of 3: There is moderate to high uncertainty regarding whether this hypothesis is true or false.
A8: Score of 4: There is little to no information currently available to discern whether this hypothesis is true or false.
A9: Hypothesis 1: Low overflights disturb breeding colonies and reduce reproductive success.
B10: ASSP Magnitude of uncertainty score: | C10: =IF('1. Relevance (a)'!C13=0, "NA", "") -> NA
B11: BRPE Magnitude of uncertainty score: | C11: 0
B12: SCMU Magnitude of uncertainty score: | C12: =IF('1. Relevance (a)'!C15=0, "NA", "") -> NA
B13: SNPL Magnitude of uncertainty score: | C13: =IF('1. Relevance (a)'!C16=0, "NA", "") -> NA
B14: WEGU Magnitude of uncertainty score: | C14: 1
B15: CAAU Magnitude of uncertainty score: | C15: =IF('1. Relevance (a)'!C18=0, "NA", "") -> NA | D15: OPTIONAL
A16: Hypothesis 2: Recreation causes disturbance to breeding colonies and reduces reproductive success.
B17: ASSP Magnitude of uncertainty score: | C17: 0
B18: BRPE Magnitude of uncertainty score: | C18: 0
B19: SCMU Magnitude of uncertainty score: | C19: 0
B20: SNPL Magnitude of uncertainty score: | C20: 2
B21: WEGU Magnitude of uncertainty score: | C21: 0
B22: CAAU Magnitude of uncertainty score: | C22: 0 | D22: OPTIONAL
A23: Fisheries
A24: Hypothesis 3: Commercial and recreational fishery equipment entangles/entraps individuals and reduces juvenile survival and/or adult survival.
B25: ASSP Magnitude of uncertainty score: | C25: 1
B26: BRPE Magnitude of uncertainty score: | C26: 0
B27: SCMU Magnitude of uncertainty score: | C27: 1
B28: SNPL Magnitude of uncertainty score: | C28: =IF('1. Relevance (a)'!C31=0, "NA", "") -> NA
B29: WEGU Magnitude of uncertainty score: | C29: 1
B30: CAAU Magnitude of uncertainty score: | C30: 1 | D30: OPTIONAL
A31: Hypothesis 4: Overfishing from commercial and recreational fisheries reduces foraging availability and/or quality, which reduces reproductive success, juvenile survival and/or adult survival.
B32: ASSP Magnitude of uncertainty score: | C32: 2
B33: BRPE Magnitude of uncertainty score: | C33: 0
B34: SCMU Magnitude of uncertainty score: | C34: 2
B35: SNPL Magnitude of uncertainty score: | C35: =IF('1. Relevance (a)'!C38=0, "NA", "") -> NA
B36: WEGU Magnitude of uncertainty score: | C36: 1
B37: CAAU Magnitude of uncertainty score: | C37: 1 | D37: OPTIONAL
A38: Harmful native species interaction
A39: Hypothesis 5: Native predators (island deer mouse, island spotted skunk, island fox, common raven, barn owl, peregrine falcon) predate eggs, chicks, and/or breeding adults, which reduces reproductive success and/or adult survival.
B40: ASSP Magnitude of uncertainty score: | C40: 0
B41: BRPE Magnitude of uncertainty score: | C41: 0
B42: SCMU Magnitude of uncertainty score: | C42: 0
B43: SNPL Magnitude of uncertainty score: | C43: 2
B44: WEGU Magnitude of uncertainty score: | C44: 0
B45: CAAU Magnitude of uncertainty score: | C45: 0 | D45: OPTIONAL
A46: Hypothesis 6: Pinnipeds displace breeding habitat and/or reduce breeding habitat quality, which reduces reproductive success.
B47: ASSP Magnitude of uncertainty score: | C47: =IF('1. Relevance (a)'!C50=0, "NA", "") -> NA
B48: BRPE Magnitude of uncertainty score: | C48: =IF('1. Relevance (a)'!C51=0, "NA", "") -> NA
B49: SCMU Magnitude of uncertainty score: | C49: =IF('1. Relevance (a)'!C52=0, "NA", "") -> NA
B50: SNPL Magnitude of uncertainty score: | C50: 2
B51: WEGU Magnitude of uncertainty score: | C51: =IF('1. Relevance (a)'!C54=0, "NA", "") -> NA
B52: CAAU Magnitude of uncertainty score: | C52: =IF('1. Relevance (a)'!C55=0, "NA", "") -> NA | D52: OPTIONAL
A53: Hypothesis 7: Colonization of new seabird species increases competition for breeding habitat and/or prey, which reduces reproductive success.
B54: ASSP Magnitude of uncertainty score: | C54: 2
B55: BRPE Magnitude of uncertainty score: | C55: =IF('1. Relevance (a)'!C58=0, "NA", "") -> NA
B56: SCMU Magnitude of uncertainty score: | C56: 2
B57: SNPL Magnitude of uncertainty score: | C57: =IF('1. Relevance (a)'!C60=0, "NA", "") -> NA
B58: WEGU Magnitude of uncertainty score: | C58: =IF('1. Relevance (a)'!C61=0, "NA", "") -> NA
B59: CAAU Magnitude of uncertainty score: | C59: =IF('1. Relevance (a)'!C62=0, "NA", "") -> NA | D59: OPTIONAL
A60: Human infrastructure
A61: Hypothesis 8: Oil platforms increase predation risk by creating at-sea roosting habitat for aerial predators, which reduces juvenile survival and/or adult survival.
B62: ASSP Magnitude of uncertainty score: | C62: 2
B63: BRPE Magnitude of uncertainty score: | C63: =IF('1. Relevance (a)'!C66=0, "NA", "") -> NA
B64: SCMU Magnitude of uncertainty score: | C64: 2
B65: SNPL Magnitude of uncertainty score: | C65: =IF('1. Relevance (a)'!C68=0, "NA", "") -> NA
B66: WEGU Magnitude of uncertainty score: | C66: 2
B67: CAAU Magnitude of uncertainty score: | C67: 2 | D67: OPTIONAL
A68: Hypothesis 9: Offshore wind energy infrastructure displaces foraging habitat and/or increases collision risk, which reduces reproductive success, juvenile survival and/or adult survival.
B69: ASSP Magnitude of uncertainty score: | C69: 3
B70: BRPE Magnitude of uncertainty score: | C70: 3
B71: SCMU Magnitude of uncertainty score: | C71: 3
B72: SNPL Magnitude of uncertainty score: | C72: =IF('1. Relevance (a)'!C75=0, "NA", "") -> NA
B73: WEGU Magnitude of uncertainty score: | C73: 3
B74: CAAU Magnitude of uncertainty score: | C74: 3 | D74: OPTIONAL
A75: Hypothesis 10: Shipping traffic displaces foraging habitat and reduces reproductive success.
B76: ASSP Magnitude of uncertainty score: | C76: 3
B77: BRPE Magnitude of uncertainty score: | C77: 3
B78: SCMU Magnitude of uncertainty score: | C78: 3
B79: SNPL Magnitude of uncertainty score: | C79: =IF('1. Relevance (a)'!C82=0, "NA", "") -> NA
B80: WEGU Magnitude of uncertainty score: | C80: 3
B81: CAAU Magnitude of uncertainty score: | C81: 3 | D81: OPTIONAL
A82: Hypothesis 11: Artificial light at night exposes individuals to novel predation and/or increases collision risk with structures, which reduces juvenile survival and/or adult survival.
B83: ASSP Magnitude of uncertainty score: | C83: 0
B84: BRPE Magnitude of uncertainty score: | C84: =IF('1. Relevance (a)'!C87=0, "NA", "") -> NA
B85: SCMU Magnitude of uncertainty score: | C85: 0
B86: SNPL Magnitude of uncertainty score: | C86: =IF('1. Relevance (a)'!C89=0, "NA", "") -> NA
B87: WEGU Magnitude of uncertainty score: | C87: 1
B88: CAAU Magnitude of uncertainty score: | C88: 1 | D88: OPTIONAL
A89: Invasive species
A90: Hypothesis 12: Invasive plants decrease the breeding habitat availability and/or quality, which reduces reproductive success and/or adult survival via increased predation risk.
B91: ASSP Magnitude of uncertainty score: | C91: =IF('1. Relevance (a)'!C94=0, "NA", "") -> NA
B92: BRPE Magnitude of uncertainty score: | C92: 0
B93: SCMU Magnitude of uncertainty score: | C93: 0
B94: SNPL Magnitude of uncertainty score: | C94: =IF('1. Relevance (a)'!C97=0, "NA", "") -> NA
B95: WEGU Magnitude of uncertainty score: | C95: 0
B96: CAAU Magnitude of uncertainty score: | C96: 0 | D96: OPTIONAL
A97: Hypothesis 13: Black rats predate eggs and chicks at San Miguel Island, which reduces reproductive success.
B98: ASSP Magnitude of uncertainty score: | C98: 1
B99: BRPE Magnitude of uncertainty score: | C99: =IF('1. Relevance (a)'!C102=0, "NA", "") -> NA
B100: SCMU Magnitude of uncertainty score: | C100: 1
...

Sheet 4. Reducibility
A1: Reducibility
A2: What is the potential to reduce uncertainty regarding the validity of this hypothesis, i.e., to reduce uncertainty regarding whether this hypothesis is having an effect on the population and to what degree?
A3: Consider the costs, logistics, and feasibility of designing an experimental or observational study that could lead to meaningful results within a relevant management timeframe of 30 years.
A4: Answer this question independent of the magnitude of uncertainty; in other words, answer this question assuming you do not know the effect of the hypothesis on the population.
A5: Score of 0: The uncertainty about this hypothesis is unlikely to be reduced within a relevant management timeframe due to the expected cost, logistics, and ability to obtain necessary data.
A6: Score of 1: The uncertainty about this hypothesis could be reduced by approximately 25% within a relevant management timeframe based on the expected cost, logistics, and ability to obtain necessary data.
A7: Score of 2: The uncertainty about this hypothesis could be reduced by approximately 50% within a relevant management timeframe based on the expected cost, logistics, and ability to obtain necessary data.
A8: Score of 3: The uncertainty about this hypothesis could be reduced by approximately 75% within a relevant management timeframe based on the expected cost, logistics, and ability to obtain necessary data.
A9: Score of 4: The uncertainty about this hypothesis could be mostly or completely reduced within a relevant management timeframe based on the expected cost, logistics, and ability to obtain necessary data.
A10: Hypothesis 1: Low overflights disturb breeding colonies and reduce reproductive success.
B11: ASSP Reducibility score: | C11: =IF('1. Relevance (a)'!C13=0, "NA", "") -> NA
B12: BRPE Reducibility score: | C12: 4
B13: SCMU Reducibility score: | C13: =IF('1. Relevance (a)'!C15=0, "NA", "") -> NA
B14: SNPL Reducibility score: | C14: =IF('1. Relevance (a)'!C16=0, "NA", "") -> NA
B15: WEGU Reducibility score: | C15: 4
B16: CAAU Reducibility score: | C16: =IF('1. Relevance (a)'!C18=0, "NA", "") -> NA | D16: OPTIONAL
A17: Hypothesis 2: Recreation causes disturbance to breeding colonies and reduces reproductive success.
B18: ASSP Reducibility score: | C18: 3
B19: BRPE Reducibility score: | C19: 3
B20: SCMU Reducibility score: | C20: 3
B21: SNPL Reducibility score: | C21: 3
B22: WEGU Reducibility score: | C22: 3
B23: CAAU Reducibility score: | C23: 3 | D23: OPTIONAL
A24: Fisheries
A25: Hypothesis 3: Commercial and recreational fishery equipment entangles/entraps individuals and reduces juvenile survival and/or adult survival.
B26: ASSP Reducibility score: | C26: 3
B27: BRPE Reducibility score: | C27: 3
B28: SCMU Reducibility score: | C28: 3
B29: SNPL Reducibility score: | C29: =IF('1. Relevance (a)'!C31=0, "NA", "") -> NA
B30: WEGU Reducibility score: | C30: 3
B31: CAAU Reducibility score: | C31: 3 | D31: OPTIONAL
A32: Hypothesis 4: Overfishing from commercial and recreational fisheries reduces foraging availability and/or quality, which reduces reproductive success, juvenile survival and/or adult survival.
B33: ASSP Reducibility score: | C33: 3
B34: BRPE Reducibility score: | C34: 3
B35: SCMU Reducibility score: | C35: 3
B36: SNPL Reducibility score: | C36: =IF('1. Relevance (a)'!C38=0, "NA", "") -> NA
B37: WEGU Reducibility score: | C37: 3
B38: CAAU Reducibility score: | C38: 3 | D38: OPTIONAL
A39: Harmful native species interaction
A40: Hypothesis 5: Native predators (island deer mouse, island spotted skunk, island fox, common raven, barn owl, peregrine falcon) predate eggs, chicks, and/or breeding adults, which reduces reproductive success and/or adult survival.
B41: ASSP Reducibility score: | C41: 4
B42: BRPE Reducibility score: | C42: 4
B43: SCMU Reducibility score: | C43: 4
B44: SNPL Reducibility score: | C44: 4
B45: WEGU Reducibility score: | C45: 4
B46: CAAU Reducibility score: | C46: 4 | D46: OPTIONAL
A47: Hypothesis 6: Pinnipeds displace breeding habitat and/or reduce breeding habitat quality, which reduces reproductive success.
B48: ASSP Reducibility score: | C48: =IF('1. Relevance (a)'!C50=0, "NA", "") -> NA
B49: BRPE Reducibility score: | C49: =IF('1. Relevance (a)'!C51=0, "NA", "") -> NA
B50: SCMU Reducibility score: | C50: =IF('1. Relevance (a)'!C52=0, "NA", "") -> NA
B51: SNPL Reducibility score: | C51: 4
B52: WEGU Reducibility score: | C52: =IF('1. Relevance (a)'!C54=0, "NA", "") -> NA
B53: CAAU Reducibility score: | C53: =IF('1. Relevance (a)'!C55=0, "NA", "") -> NA | D53: OPTIONAL
A54: Hypothesis 7: Colonization of new seabird species increases competition for breeding habitat and/or prey, which reduces reproductive success.
B55: ASSP Reducibility score: | C55: 2
B56: BRPE Reducibility score: | C56: =IF('1. Relevance (a)'!C58=0, "NA", "") -> NA
B57: SCMU Reducibility score: | C57: 2
B58: SNPL Reducibility score: | C58: =IF('1. Relevance (a)'!C60=0, "NA", "") -> NA
B59: WEGU Reducibility score: | C59: =IF('1. Relevance (a)'!C61=0, "NA", "") -> NA
B60: CAAU Reducibility score: | C60: =IF('1. Relevance (a)'!C62=0, "NA", "") -> NA | D60: OPTIONAL
A61: Human infrastructure
A62: Hypothesis 8: Oil platforms increase predation risk by creating at-sea roosting habitat for aerial predators, which reduces juvenile survival and/or adult survival.
B63: ASSP Reducibility score: | C63: 3
B64: BRPE Reducibility score: | C64: =IF('1. Relevance (a)'!C66=0, "NA", "") -> NA
B65: SCMU Reducibility score: | C65: 3
B66: SNPL Reducibility score: | C66: =IF('1. Relevance (a)'!C68=0, "NA", "") -> NA
B67: WEGU Reducibility score: | C67: 3
B68: CAAU Reducibility score: | C68: 3 | D68: OPTIONAL
A69: Hypothesis 9: Offshore wind energy infrastructure displaces foraging habitat and/or increases collision risk, which reduces reproductive success, juvenile survival and/or adult survival.
B70: ASSP Reducibility score: | C70: 4
B71: BRPE Reducibility score: | C71: 4
B72: SCMU Reducibility score: | C72: 4
B73: SNPL Reducibility score: | C73: =IF('1. Relevance (a)'!C75=0, "NA", "") -> NA
B74: WEGU Reducibility score: | C74: 4
B75: CAAU Reducibility score: | C75: 4 | D75: OPTIONAL
A76: Hypothesis 10: Shipping traffic displaces foraging habitat and reduces reproductive success.
B77: ASSP Reducibility score: | C77: 3
B78: BRPE Reducibility score: | C78: 3
B79: SCMU Reducibility score: | C79: 3
B80: SNPL Reducibility score: | C80: =IF('1. Relevance (a)'!C82=0, "NA", "") -> NA
B81: WEGU Reducibility score: | C81: 3
B82: CAAU Reducibility score: | C82: 3 | D82: OPTIONAL
A83: Hypothesis 11: Artificial light at night exposes individuals to novel predation and/or increases collision risk with structures, which reduces juvenile survival and/or adult survival.
B84: ASSP Reducibility score: | C84: 3
B85: BRPE Reducibility score: | C85: =IF('1. Relevance (a)'!C87=0, "NA", "") -> NA
B86: SCMU Reducibility score: | C86: 3
B87: SNPL Reducibility score: | C87: =IF('1. Relevance (a)'!C89=0, "NA", "") -> NA
B88: WEGU Reducibility score: | C88: 3
B89: CAAU Reducibility score: | C89: 3 | D89: OPTIONAL
A90: Invasive species
A91: Hypothesis 12: Invasive plants decrease the breeding habitat availability and/or quality, which reduces reproductive success and/or adult survival via increased predation risk.
B92: ASSP Reducibility score: | C92: =IF('1. Relevance (a)'!C94=0, "NA", "") -> NA
B93: BRPE Reducibility score: | C93: 3
B94: SCMU Reducibility score: | C94: 3
B95: SNPL Reducibility score: | C95: =IF('1. Relevance (a)'!C97=0, "NA", "") -> NA
B96: WEGU Reducibility score: | C96: 3
B97: CAAU Reducibility score: | C97: 3 | D97: OPTIONAL
A98: Hypothesis 13: Black rats predate eggs and chicks at San Miguel Island, which reduces reproductive success.
B99: ASSP Reducibility score: | C99: 4
B100: BRPE Reducibility score: | C100: =IF('1. Relevance (a)'!C102=0, "NA", "") -> NA
...

Sheet 5. Personal Confidence
A1: Personal Confidence
A2: What is your personal level of confidence, given your expertise and experience, in scoring this hypothesis for this particular species?
A3: Score of 0: I am the least confident in my response for this hypothesis and species.
A4: Score of 1: I am moderately confident in my response for this hypothesis and species.
A5: Score of 2: I am most confident in my response for this hypothesis and species.
A6: Disturbance
A7: Hypothesis 1: Low overflights disturb breeding colonies and reduce reproductive success.
B8: ASSP Confidence score: | C8: 2
B9: BRPE Confidence score: | C9: 2
B10: SCMU Confidence score: | C10: 2
B11: SNPL Confidence score: | C11: 0
B12: WEGU Confidence score: | C12: 2
B13: CAAU Confidence score: | C13: 2 | D13: OPTIONAL
A14: Hypothesis 2: Recreation causes disturbance to breeding colonies and reduces reproductive success.
B15: ASSP Confidence score: | C15: 2
B16: BRPE Confidence score: | C16: 2
B17: SCMU Confidence score: | C17: 2
B18: SNPL Confidence score: | C18: 1
B19: WEGU Confidence score: | C19: 2
B20: CAAU Confidence score: | C20: 2 | D20: OPTIONAL
A21: Fisheries
A22: Hypothesis 3: Commercial and recreational fishery equipment entangles/entraps individuals and reduces juvenile survival and/or adult survival.
B23: ASSP Confidence score: | C23: 2
B24: BRPE Confidence score: | C24: 2
B25: SCMU Confidence score: | C25: 1
B26: SNPL Confidence score: | C26: 0
B27: WEGU Confidence score: | C27: 1
B28: CAAU Confidence score: | C28: 1 | D28: OPTIONAL
A29: Hypothesis 4: Overfishing from commercial and recreational fisheries reduces foraging availability and/or quality, which reduces reproductive success, juvenile survival and/or adult survival.
B30: ASSP Confidence score: | C30: 1
B31: BRPE Confidence score: | C31: 2
B32: SCMU Confidence score: | C32: 1
B33: SNPL Confidence score: | C33: 0
B34: WEGU Confidence score: | C34: 2
B35: CAAU Confidence score: | C35: 1 | D35: OPTIONAL
A36: Harmful native species interaction
A37: Hypothesis 5: Native predators (island deer mouse, island spotted skunk, island fox, common raven, barn owl, peregrine falcon) predate eggs, chicks, and/or breeding adults, which reduces reproductive success and/or adult survival.
B38: ASSP Confidence score: | C38: 2
B39: BRPE Confidence score: | C39: 2
B40: SCMU Confidence score: | C40: 2
B41: SNPL Confidence score: | C41: 2
B42: WEGU Confidence score: | C42: 2
B43: CAAU Confidence score: | C43: 2 | D43: OPTIONAL
A44: Hypothesis 6: Pinnipeds displace breeding habitat and/or reduce breeding habitat quality, which reduces reproductive success.
B45: ASSP Confidence score: | C45: 2
B46: BRPE Confidence score: | C46: 2
B47: SCMU Confidence score: | C47: 1
B48: SNPL Confidence score: | C48: 2
B49: WEGU Confidence score: | C49: 2
B50: CAAU Confidence score: | C50: 2 | D50: OPTIONAL
A51: Hypothesis 7: Colonization of new seabird species increases competition for breeding habitat and/or prey, which reduces reproductive success.
B52: ASSP Confidence score: | C52: 1
B53: BRPE Confidence score: | C53: 1
B54: SCMU Confidence score: | C54: 1
B55: SNPL Confidence score: | C55: 1
B56: WEGU Confidence score: | C56: 1
B57: CAAU Confidence score: | C57: 1 | D57: OPTIONAL
A58: Human infrastructure
A59: Hypothesis 8: Oil platforms increase predation risk by creating at-sea roosting habitat for aerial predators, which reduces juvenile survival and/or adult survival.
B60: ASSP Confidence score: | C60: 2
B61: BRPE Confidence score: | C61: 2
B62: SCMU Confidence score: | C62: 2
B63: SNPL Confidence score: | C63: 1
B64: WEGU Confidence score: | C64: 1
B65: CAAU Confidence score: | C65: 1 | D65: OPTIONAL
A66: Hypothesis 9: Offshore wind energy infrastructure displaces foraging habitat and/or increases collision risk, which reduces reproductive success, juvenile survival and/or adult survival.
B67: ASSP Confidence score: | C67: 1
B68: BRPE Confidence score: | C68: 2
B69: SCMU Confidence score: | C69: 1
B70: SNPL Confidence score: | C70: 0
B71: WEGU Confidence score: | C71: 1
B72: CAAU Confidence score: | C72: 1 | D72: OPTIONAL
A73: Hypothesis 10: Shipping traffic displaces foraging habitat and reduces reproductive success.
B74: ASSP Confidence score: | C74: 1
B75: BRPE Confidence score: | C75: 1
B76: SCMU Confidence score: | C76: 1
B77: SNPL Confidence score: | C77: 1
B78: WEGU Confidence score: | C78: 1
B79: CAAU Confidence score: | C79: 1 | D79: OPTIONAL
A80: Hypothesis 11: Artificial light at night exposes individuals to novel predation and/or increases collision risk with structures, which reduces juvenile survival and/or adult survival.
B81: ASSP Confidence score: | C81: 2
B82: BRPE Confidence score: | C82: 2
B83: SCMU Confidence score: | C83: 2
B84: SNPL Confidence score: | C84: 2 | I84: 1
B85: WEGU Confidence score: | C85: 1
B86: CAAU Confidence score: | C86: 1 | D86: OPTIONAL
A87: Invasive species
A88: Hypothesis 12: Invasive plants decrease the breeding habitat availability and/or quality, which reduces reproductive success and/or adult survival via increased predation risk.
B89: ASSP Confidence score: | C89: 2
B90: BRPE Confidence score: | C90: 2
B91: SCMU Confidence score: | C91: 2
B92: SNPL Confidence score: | C92: 1
B93: WEGU Confidence score: | C93: 2
B94: CAAU Confidence score: | C94: 2 | D94: OPTIONAL
A95: Hypothesis 13: Black rats predate eggs and chicks at San Miguel Island, which reduces reproductive success.
B96: ASSP Confidence score: | C96: 1
B97: BRPE Confidence score: | C97: 2
B98: SCMU Confidence score: | C98: 1
B99: SNPL Confidence score: | C99: 2
B100: WEGU Confidence score: | C100: 2
...
